Wall time,Step,Value
1641136848.0322776,399,0.5454545617103577
1641136985.9039342,798,0.4747474789619446
1641137123.5843527,1197,0.5555555820465088
1641137258.907591,1596,0.5858585834503174
1641137366.183751,1995,0.5353535413742065
1641137502.028241,2394,0.5252525210380554
1641137629.224921,2793,0.5454545617103577
1641137754.4150207,3192,0.5353535413742065
1641137879.027836,3591,0.5353535413742065
1641137983.8269074,3990,0.5353535413742065
