Wall time,Step,Value
1641726537.0445735,50,0.49494948983192444
1641726591.8315907,100,0.46464645862579346
1641726643.452421,150,0.6060606241226196
1641726699.3241842,200,0.4848484992980957
1641726745.3771045,250,0.5252525210380554
1641726794.9507897,300,0.5555555820465088
1641726850.7218707,350,0.5454545617103577
1641726905.1215718,400,0.5555555820465088
1641726957.9461367,450,0.5858585834503174
1641727008.5303926,500,0.5858585834503174
