Wall time,Step,Value
1641757850.1314158,50,0.4444444477558136
1641757903.5993664,100,0.34343433380126953
1641757947.8111973,150,0.3737373650074005
1641757989.5088174,200,0.3737373650074005
1641758036.0769475,250,0.39393940567970276
1641758083.3829896,300,0.35353535413742065
1641758125.9552672,350,0.35353535413742065
1641758181.915652,400,0.34343433380126953
1641758238.6010916,450,0.3636363744735718
1641758300.2595103,500,0.35353535413742065
